nucleus_id,type,area_px2,perimeter_px,eccentricity,circularity,centroid_x,centroid_y,image
1,3,89.5,39.55634880065918,0.7522477276545417,0.718787479903191,66.08193668528864,3.8733705772811913,00000
2,3,41.0,26.485281229019165,0.8078868267588787,0.7344877268345591,163.82926829268294,4.178861788617886,00000
3,3,68.5,31.899494647979736,0.6333088856815057,0.8459268882819202,201.13868613138686,5.0389294403892935,00000
4,3,119.0,41.79898941516876,0.5891300809920923,0.8559044053626167,38.121848739495796,7.163865546218488,00000
5,3,434.0,81.11269760131836,0.4116848079245761,0.8289377218492168,147.98809523809524,12.013824884792626,00000
6,3,105.5,41.21320307254791,0.6093907606868417,0.7805299741356305,230.03633491311214,11.139020537124802,00000
7,3,173.0,52.627416491508484,0.6508556475043228,0.7849316943232272,10.247591522157995,16.122350674373795,00000
8,3,279.5,80.5269113779068,0.8397213663067378,0.5416385818009964,129.20333929636254,11.406678592725104,00000
9,3,40.5,25.899494767189026,0.7691943665405754,0.7587213461776839,172.37037037037038,13.59670781893004,00000
10,3,85.5,40.041630029678345,0.7065025843155923,0.6701198483975496,23.647173489278753,21.598440545808966,00000
11,3,129.0,58.62741661071777,0.87991347538083,0.4716263475219623,48.03359173126615,20.319121447028422,00000
12,3,211.5,85.35533833503723,0.9609542991327537,0.3648033849486932,239.21907013396373,24.09692671394799,00000
13,3,137.0,51.455843687057495,0.6483212299055806,0.6502210488766805,14.257907542579074,27.77250608272506,00000
14,3,133.0,47.79898953437805,0.5292655655065057,0.7315164106999784,34.4110275689223,29.540100250626566,00000
15,3,113.0,42.62741661071777,0.7172195259122313,0.7814663473416467,212.98967551622417,32.051622418879056,00000
16,3,173.0,74.28427076339722,0.9084981931044651,0.3939691709232671,9.048169556840076,40.065510597302506,00000
17,3,141.5,51.21320295333862,0.8272855802361184,0.6779574345464203,35.13191990577149,43.340400471142516,00000
18,3,154.0,57.11269736289978,0.8264799358881548,0.5932875586059909,217.2564935064935,49.006493506493506,00000
19,3,267.0,94.08326029777527,0.9454496563888297,0.37904991876894717,118.47003745318352,55.39575530586767,00000
20,3,257.0,62.627416491508484,0.6281973419338058,0.8234059374008551,147.91699092088197,50.04928664072633,00000
21,3,568.5,109.49747383594513,0.670640339808026,0.5958434001678194,240.663441805922,50.77601876282615,00000
22,3,89.0,38.97056245803833,0.6648390222806473,0.7364216074896344,49.78651685393258,52.01123595505618,00000
23,3,137.0,62.627416372299194,0.8368305743369094,0.438936240674571,6.066909975669099,53.56934306569343,00000
24,3,173.5,64.04163014888763,0.881816211999932,0.5315995282351906,32.816522574447646,56.5821325648415,00000
25,3,206.0,63.9411244392395,0.88484485154067,0.6331644835925575,131.58818770226537,60.58252427184466,00000
26,3,165.5,53.21320307254791,0.7975731564458697,0.7344615410670399,204.90231621349443,63.275931520644505,00000
27,3,186.5,64.04163002967834,0.7973895875407965,0.5714311953023664,186.4486148346738,66.0455764075067,00000
28,3,200.5,56.870057225227356,0.7789670125196834,0.7790348935144316,152.50540315876972,67.60598503740648,00000
29,3,334.5,98.66904652118683,0.9002297620804612,0.4317617081257569,221.7528649725959,73.18236173393124,00000
30,3,100.5,39.55634891986847,0.6849107650468736,0.807130070333728,53.6849087893864,68.09452736318408,00000
31,3,210.0,62.97056245803833,0.8290968424400714,0.6655091237977826,5.127777777777777,75.53015873015872,00000
32,3,249.5,82.04163014888763,0.7583876783069732,0.4658132649318832,247.2184368737475,75.07281229124915,00000
33,3,186.0,65.59797894954681,0.8739742974589907,0.5431776477044616,164.93189964157705,73.09946236559139,00000
34,3,87.0,36.97056245803833,0.5851708682556703,0.7998655660678153,22.942528735632184,73.49042145593869,00000
35,3,88.0,40.627416491508484,0.8219273553664106,0.6699680984060596,134.08522727272728,73.74621212121211,00000
36,3,276.5,82.5269113779068,0.8605110206045249,0.5101687072646467,191.97347799879444,77.18565400843882,00000
37,1,35.0,27.313708305358887,0.8925443789224969,0.589544475728601,88.4047619047619,80.8095238095238,00000
38,3,92.5,42.38477599620819,0.8768527995229494,0.6470410171094488,36.79099099099099,84.24864864864865,00000
39,3,223.0,63.455843687057495,0.6658117199556174,0.6959394917392202,144.94020926756352,85.91554559043347,00000
40,3,117.5,46.041630268096924,0.8235693799331105,0.6965404540500514,124.07517730496453,86.0482269503546,00000
41,3,188.5,54.041630029678345,0.7237212217164968,0.811081206792217,206.38284703801943,86.12732095490716,00000
42,3,197.5,62.870057225227356,0.7011824967426107,0.6278982211323724,158.2396624472574,88.66329113924051,00000
43,3,113.5,48.38477599620819,0.7908957504418708,0.6092397847590987,171.92364170337737,91.90895741556534,00000
44,3,117.0,43.455843448638916,0.7273468911877149,0.778573035030128,24.641025641025642,94.86467236467236,00000
45,3,55.0,31.313708305358887,0.7711001778819156,0.7048611110449973,7.787878787878787,93.83030303030301,00000
46,4,63.5,38.041630148887634,0.9324311074017675,0.5513982094143866,39.17060367454068,96.4776902887139,00000
47,3,136.5,45.213202714920044,0.5834372885453142,0.8390966204489301,188.6349206349206,96.77411477411476,00000
48,3,113.0,40.97056245803833,0.40621332702149543,0.845949533426437,126.64159292035399,100.87610619469027,00000
49,3,200.0,57.455843687057495,0.7917138165686658,0.7613273771164497,143.5425,106.10166666666666,00000
50,3,340.0,87.11269772052765,0.8529382481213642,0.5630226344446231,172.06911764705882,107.05441176470588,00000
51,3,122.0,49.455843687057495,0.7802004775699576,0.6268079044533105,151.15573770491804,114.88661202185791,00000
52,3,99.5,39.21320283412933,0.7114938198713038,0.8131455940204445,59.095477386934675,121.10050251256281,00000
53,4,40.5,26.727921843528748,0.6342541613258086,0.7124173733912024,119.0082304526749,120.39506172839506,00000
54,3,246.5,68.87005710601807,0.8566342063227308,0.65307927422758,171.38471940500335,122.2075726842461,00000
55,4,77.5,45.21320307254791,0.8914210064600708,0.47641016158272753,30.68172043010752,121.87741935483871,00000
56,3,155.5,58.72792184352875,0.9344559529229071,0.5665666294901842,132.2400857449089,127.22079314040728,00000
57,4,104.5,57.69848430156708,0.9316234747267358,0.3944548906914276,32.81180223285486,129.3444976076555,00000
58,3,66.0,34.14213538169861,0.833322319331944,0.7114959615650317,18.391414141414142,134.5151515151515,00000
59,3,185.0,56.62741661071777,0.8446986816129877,0.7249834524162364,51.7063063063063,136.42972972972973,00000
60,3,131.0,49.79898953437805,0.886292432953951,0.6638043566438027,179.7798982188295,135.6946564885496,00000
61,3,73.5,36.38477575778961,0.8303491159508319,0.6976824487015878,75.12925170068027,137.86167800453512,00000
62,3,123.5,51.55634880065918,0.8448991649512303,0.583865098273068,3.670715249662618,142.33468286099864,00000
63,3,100.0,48.62741661071777,0.8773430599727933,0.5314317145456774,152.22166666666666,141.48,00000
64,3,83.0,40.97056233882904,0.8532042649709703,0.6213611653361688,29.538152610441767,146.83132530120483,00000
65,3,207.5,62.870057106018066,0.7180827225639982,0.6596905386281239,167.93734939759037,148.19598393574296,00000
66,3,232.5,65.35533821582794,0.5706529218061847,0.6840229737533946,192.30465949820785,151.02652329749102,00000
67,3,112.0,45.455843448638916,0.8857198716461165,0.6811589155367801,69.37946428571429,149.53125,00000
68,3,377.0,95.25483322143555,0.7421886129581144,0.5221282268357567,145.1684350132626,153.2471264367816,00000
69,3,109.0,44.97056245803833,0.8064110728488568,0.6772978907145376,50.59021406727828,150.96330275229357,00000
70,1,48.5,26.727921724319458,0.5394992525676116,0.8531418004367026,239.3024054982818,153.5189003436426,00000
71,3,145.5,48.041630148887634,0.6091370641042755,0.7922046484752685,28.537227949599078,163.85223367697594,00000
72,3,169.5,53.21320307254791,0.8219896277786857,0.7522128774070287,169.32546705998033,163.68534906588002,00000
73,3,189.0,61.79898953437805,0.83426662339026,0.6218833366578322,191.94708994708995,166.679012345679,00000
74,3,73.0,36.97056245803833,0.7453483961397425,0.6711515669304657,210.54794520547946,169.03424657534248,00000
75,3,225.5,65.69848418235779,0.7924195014772589,0.6565165993620784,72.73540280857354,173.37989652623799,00000
76,1,29.5,19.899494767189026,0.41530014054349734,0.9361550398703974,49.112994350282484,174.88700564971748,00000
77,3,123.0,46.28427064418793,0.6601435604474214,0.7215195891213969,160.50542005420053,174.01761517615174,00000
78,3,94.0,42.97056245803833,0.7479089648403328,0.6397284143518673,180.67021276595744,175.6418439716312,00000
79,3,47.0,28.14213538169861,0.7156450735153439,0.7457506251104253,205.20212765957447,178.62765957446808,00000
80,3,158.0,53.455843448638916,0.8823998208002373,0.6948268271597887,86.89556962025317,180.50105485232066,00000
81,3,87.5,40.3847758769989,0.8779517269183682,0.6741903981634997,39.56952380952381,181.37142857142857,00000
82,3,30.5,21.071067690849304,0.6450464738325313,0.8632500631992441,176.0765027322404,187.0382513661202,00000
83,3,169.5,51.69848382472992,0.7528608019825992,0.7969369316040958,194.04228121927235,189.71484759095378,00000
84,3,102.0,40.97056245803833,0.6793456394617635,0.7636004638008547,58.34803921568628,192.82189542483658,00000
85,3,94.5,44.3847758769989,0.8674275611804604,0.6028005085983895,92.73544973544973,190.1005291005291,00000
86,3,77.0,33.31370830535889,0.5520924882276808,0.8718758165963687,74.01298701298701,193.1147186147186,00000
87,3,69.0,33.79898953437805,0.7882180193247854,0.759017032101058,36.07971014492754,196.47826086956522,00000
88,3,275.0,89.25483298301697,0.8843587946636208,0.4337895389079228,100.70242424242423,207.49636363636364,00000
89,3,158.5,59.21320307254791,0.9194262920297566,0.5680702186552338,185.13669821240796,200.29022082018926,00000
90,3,86.5,36.38477599620819,0.663304323476653,0.8210820547181279,78.84778420038535,205.15221579961462,00000
91,3,54.0,28.14213526248932,0.5493846125038067,0.8568198744070776,67.28703703703704,207.65740740740742,00000
92,3,127.0,46.62741661071777,0.8363647763579202,0.7340588463814054,27.792650918635168,212.01837270341207,00000
93,3,109.0,38.97056233882904,0.3776672481448477,0.9019096146905041,208.04128440366972,212.55963302752295,00000
94,3,58.0,29.313708305358887,0.5906815459190707,0.8481962218999632,54.824712643678154,214.5344827586207,00000
95,3,41.5,25.899494767189026,0.5460990724278447,0.777455206577133,84.38152610441766,216.289156626506,00000
96,3,169.5,51.21320295333862,0.745307684676172,0.8121115558700935,191.6912487708948,217.82202556538837,00000
97,3,116.5,43.55634891986847,0.7627301035728087,0.7716721968621129,4.406294706723891,221.22460658082974,00000
98,3,108.5,40.3847758769989,0.5139877540488275,0.8359960937227396,106.48694316436251,221.2227342549923,00000
99,3,106.5,44.041630148887634,0.8382898871966268,0.6899739604394718,21.38184663536776,224.44600938967136,00000
100,3,48.0,27.313708305358887,0.6071809003537315,0.8085181381420814,49.28125,224.66666666666666,00000
101,3,78.0,36.97056245803833,0.5441323314321189,0.717120852336662,32.99786324786324,224.70299145299143,00000
102,3,85.5,34.72792184352875,0.5784310901541543,0.8908783150824267,77.67056530214424,226.38791423001948,00000
103,3,40.5,27.55634891986847,0.8712670038239941,0.6702264097770968,172.46502057613168,228.19341563786006,00000
104,3,156.5,55.21320307254791,0.8884221812445084,0.6451167540028563,200.14802981895633,229.78700745473907,00000
105,3,120.5,44.041629910469055,0.47028612159047967,0.7806747712031018,98.70124481327801,232.24619640387274,00000
106,3,126.5,45.21320307254791,0.7514045893683915,0.7776243282608392,112.66139657444005,234.13438735177866,00000
107,3,98.0,42.627416491508484,0.8457476119691636,0.6777318802461965,65.60714285714286,235.4030612244898,00000
108,3,56.5,29.55634880065918,0.5882350763253659,0.8127495647798709,212.79941002949852,236.72566371681415,00000
109,3,128.5,47.21320295333862,0.5050360324420248,0.7244127134400447,123.8988326848249,239.05706874189363,00000
110,3,94.0,41.79898941516876,0.8358963221042979,0.6760925554965208,52.287234042553195,240.74468085106383,00000
111,3,78.5,35.21320295333862,0.6695262723457819,0.7955517971711623,88.18895966029723,240.07218683651803,00000
112,3,53.5,29.55634880065918,0.5166017849706475,0.7695947206322672,193.82554517133954,241.08722741433021,00000
113,3,127.0,67.4558435678482,0.9392613462111533,0.350731222934832,251.73884514435696,237.92125984251967,00000
114,3,119.5,42.041630029678345,0.5325279837098604,0.8496081644524014,203.29567642956764,246.58298465829844,00000
115,3,168.0,52.97056245803833,0.6660001797162197,0.752402061635402,237.2202380952381,247.52678571428572,00000
116,3,104.0,47.455843687057495,0.7263642334610082,0.5803150123787209,111.81410256410255,247.44230769230768,00000
117,3,133.0,48.14213526248932,0.8200370602719039,0.7211254242540212,122.91102756892231,250.69172932330827,00000
